"variant","sigma","cell_type","component","cell_score_correlation","cell_score_nrmse","cell_score_max_absolute_error","weight_cosine"
"kernel_fp32_f64_accumulation",0.005,"Epithelial",1,0.999999999999998,1.97255557215248e-09,9.78497005643675e-09,1
"kernel_fp32_f64_accumulation",0.005,"Epithelial",2,1,3.66978485726084e-09,1.9633671688446e-08,1
"kernel_fp32_f64_accumulation",0.005,"Epithelial",3,0.999999999999997,8.37625391793905e-09,5.29200439025601e-08,1
"kernel_fp32_f64_accumulation",0.005,"Epithelial",4,1,1.45071087881438e-08,8.38318832130369e-08,1
"kernel_fp32_f64_accumulation",0.005,"Fibroblast",1,1,1.68739232821569e-09,7.30370025570082e-09,1
"kernel_fp32_f64_accumulation",0.005,"Fibroblast",2,1,3.75294460062947e-09,2.20477074375225e-08,1
"kernel_fp32_f64_accumulation",0.005,"Fibroblast",3,1,9.97939212222318e-09,6.49855065315563e-08,1
"kernel_fp32_f64_accumulation",0.005,"Fibroblast",4,0.999999999999997,1.80265612539975e-08,7.99493462544376e-08,1
"kernel_fp32_f64_accumulation",0.005,"Immune",1,1,7.05703629482746e-09,2.44257709614004e-08,1
"kernel_fp32_f64_accumulation",0.005,"Immune",2,0.999999999999999,8.33675255745414e-09,3.89986820614752e-08,1
"kernel_fp32_f64_accumulation",0.005,"Immune",3,1,2.43075212140854e-08,1.25666205885722e-07,1
"kernel_fp32_f64_accumulation",0.005,"Immune",4,1,2.93697618522117e-08,1.46172483894702e-07,1
"kernel_fp32_f64_accumulation",0.01,"Epithelial",1,1,1.36951146545081e-09,7.56967244441853e-09,1
"kernel_fp32_f64_accumulation",0.01,"Epithelial",2,1,2.42274578437168e-09,1.00958099658044e-08,1
"kernel_fp32_f64_accumulation",0.01,"Epithelial",3,1,7.70449765122267e-09,4.40685861136103e-08,1
"kernel_fp32_f64_accumulation",0.01,"Epithelial",4,1,6.48081388062097e-09,3.02604628021896e-08,1
"kernel_fp32_f64_accumulation",0.01,"Fibroblast",1,1,2.31046830328755e-09,1.14203605461327e-08,1
"kernel_fp32_f64_accumulation",0.01,"Fibroblast",2,1,4.57612338414441e-09,1.96963099163838e-08,1
"kernel_fp32_f64_accumulation",0.01,"Fibroblast",3,1,1.26198380593146e-08,7.73542572218844e-08,0.999999999999999
"kernel_fp32_f64_accumulation",0.01,"Fibroblast",4,1,1.37924564902259e-08,5.5500031903577e-08,1
"kernel_fp32_f64_accumulation",0.01,"Immune",1,0.999999999999999,5.6389076324525e-09,2.07607033786417e-08,1
"kernel_fp32_f64_accumulation",0.01,"Immune",2,0.999999999999999,8.79370483538361e-09,3.88783454874364e-08,1
"kernel_fp32_f64_accumulation",0.01,"Immune",3,1,2.86450635339949e-08,1.87349197267039e-07,1
"kernel_fp32_f64_accumulation",0.01,"Immune",4,1,2.19401341990041e-08,1.06731632421031e-07,1
"kernel_fp32_f64_accumulation",0.02,"Epithelial",1,0.999999999999995,6.57122799747363e-10,3.53641060879539e-09,1
"kernel_fp32_f64_accumulation",0.02,"Epithelial",2,1,1.18474548460849e-09,6.71630434601056e-09,1
"kernel_fp32_f64_accumulation",0.02,"Epithelial",3,1,4.99336229385245e-09,3.0353254576454e-08,1
"kernel_fp32_f64_accumulation",0.02,"Epithelial",4,1,5.34987545414193e-09,2.74809974776247e-08,1
"kernel_fp32_f64_accumulation",0.02,"Fibroblast",1,0.999999999999999,5.16459525552882e-10,2.65413235833734e-09,1
"kernel_fp32_f64_accumulation",0.02,"Fibroblast",2,1,1.00013401006331e-09,4.79260142682847e-09,1
"kernel_fp32_f64_accumulation",0.02,"Fibroblast",3,1,5.47582473874919e-09,2.71263136397693e-08,1
"kernel_fp32_f64_accumulation",0.02,"Fibroblast",4,0.999999999999999,5.45090659837315e-09,2.17942774938251e-08,1
"kernel_fp32_f64_accumulation",0.02,"Immune",1,1,1.59608468048685e-09,6.77195266529651e-09,1
"kernel_fp32_f64_accumulation",0.02,"Immune",2,1,2.94256721255555e-09,1.5364247762939e-08,1
"kernel_fp32_f64_accumulation",0.02,"Immune",3,1,5.33674967673788e-09,2.03722372305037e-08,1
"kernel_fp32_f64_accumulation",0.02,"Immune",4,1,6.60359717945509e-09,2.54287364498396e-08,1
"kernel_fp32_f64_accumulation",0.05,"Epithelial",1,0.999999999999998,6.49151158857779e-10,4.29496993525902e-09,1
"kernel_fp32_f64_accumulation",0.05,"Epithelial",2,1,7.41308908135617e-10,3.08297554152404e-09,1
"kernel_fp32_f64_accumulation",0.05,"Epithelial",3,1,1.22550003856877e-09,8.74900379921328e-09,1
"kernel_fp32_f64_accumulation",0.05,"Epithelial",4,0.999999999999998,5.06650400939508e-09,2.45958795552781e-08,1
"kernel_fp32_f64_accumulation",0.05,"Fibroblast",1,0.999999999999999,5.43113826824065e-10,2.98058822068015e-09,1
"kernel_fp32_f64_accumulation",0.05,"Fibroblast",2,1,8.95486305987122e-10,5.74928593621848e-09,1
"kernel_fp32_f64_accumulation",0.05,"Fibroblast",3,1,1.1122936411269e-09,8.23820989204194e-09,1
"kernel_fp32_f64_accumulation",0.05,"Fibroblast",4,1,4.40693226953482e-09,1.95049952578241e-08,1
"kernel_fp32_f64_accumulation",0.05,"Immune",1,1,3.49562010721245e-09,1.56841593046408e-08,1
"kernel_fp32_f64_accumulation",0.05,"Immune",2,1,3.55241480123803e-09,1.78362884462047e-08,1
"kernel_fp32_f64_accumulation",0.05,"Immune",3,1,2.20119443986053e-09,8.58644155776744e-09,1
"kernel_fp32_f64_accumulation",0.05,"Immune",4,1,7.67934921921247e-09,3.88004379736628e-08,1
"kernel_fp32_f64_accumulation",0.1,"Epithelial",1,0.999999999999996,1.67528689127035e-08,5.0797264505853e-08,1
"kernel_fp32_f64_accumulation",0.1,"Epithelial",2,1,1.79382312485225e-08,7.38608173511679e-08,1
"kernel_fp32_f64_accumulation",0.1,"Epithelial",3,1,1.05608108208964e-08,3.41517321089668e-08,1
"kernel_fp32_f64_accumulation",0.1,"Epithelial",4,1,2.47329942097803e-08,1.36242443438128e-07,1
"kernel_fp32_f64_accumulation",0.1,"Fibroblast",1,0.999999999999997,1.78453974300401e-08,6.43876542638644e-08,1
"kernel_fp32_f64_accumulation",0.1,"Fibroblast",2,0.999999999999999,1.8171212452305e-08,9.17102185027385e-08,1
"kernel_fp32_f64_accumulation",0.1,"Fibroblast",3,0.999999999999999,1.26969720631638e-08,5.05453950361279e-08,1
"kernel_fp32_f64_accumulation",0.1,"Fibroblast",4,1,2.60707263055892e-08,1.37561514845785e-07,1
"kernel_fp32_f64_accumulation",0.1,"Immune",1,1,1.02390342271587e-08,2.89836541433885e-08,1
"kernel_fp32_f64_accumulation",0.1,"Immune",2,0.999999999999999,1.23472181002113e-08,4.88618583371903e-08,1
"kernel_fp32_f64_accumulation",0.1,"Immune",3,1,7.22303692955788e-09,2.8445118566145e-08,1
"kernel_fp32_f64_accumulation",0.1,"Immune",4,1,2.34618550674001e-08,1.22014248038482e-07,1
"kernel_fp32_f32_accumulation",0.005,"Epithelial",1,0.999999999999873,5.09881192384989e-07,2.77247701685468e-06,0.99999999999987
"kernel_fp32_f32_accumulation",0.005,"Epithelial",2,0.999999999999797,6.38298254043614e-07,2.95900319624565e-06,0.999999999999796
"kernel_fp32_f32_accumulation",0.005,"Epithelial",3,0.999999999999496,9.99252183686913e-07,6.13434040541705e-06,0.999999999999501
"kernel_fp32_f32_accumulation",0.005,"Epithelial",4,0.999999999996682,2.57579536305004e-06,1.35046025201424e-05,0.999999999996682
"kernel_fp32_f32_accumulation",0.005,"Fibroblast",1,0.999999999999925,3.91432819366206e-07,2.37383904722055e-06,0.999999999999924
"kernel_fp32_f32_accumulation",0.005,"Fibroblast",2,0.999999999999733,7.31882952016872e-07,3.0856226072018e-06,0.999999999999732
"kernel_fp32_f32_accumulation",0.005,"Fibroblast",3,0.999999999999205,1.26224493138308e-06,5.37746444484455e-06,0.999999999999203
"kernel_fp32_f32_accumulation",0.005,"Fibroblast",4,0.999999999996945,2.47251309649411e-06,1.39849947232706e-05,0.999999999996942
"kernel_fp32_f32_accumulation",0.005,"Immune",1,0.99999999999995,3.13510872416838e-07,1.57173021486656e-06,0.999999999999951
"kernel_fp32_f32_accumulation",0.005,"Immune",2,0.99999999999985,5.46758295345473e-07,2.704190972036e-06,0.99999999999985
"kernel_fp32_f32_accumulation",0.005,"Immune",3,0.999999999999242,1.22945057182973e-06,5.04580887739081e-06,0.999999999999242
"kernel_fp32_f32_accumulation",0.005,"Immune",4,0.999999999997438,2.26074169221915e-06,9.75792641022544e-06,0.999999999997437
"kernel_fp32_f32_accumulation",0.01,"Epithelial",1,0.999999999999944,3.32462024862729e-07,1.65755940247786e-06,0.999999999999945
"kernel_fp32_f32_accumulation",0.01,"Epithelial",2,0.999999999999934,3.59397342654566e-07,1.59199496785334e-06,0.999999999999936
"kernel_fp32_f32_accumulation",0.01,"Epithelial",3,0.999999999999375,1.12116349540157e-06,6.67058055181524e-06,0.999999999999371
"kernel_fp32_f32_accumulation",0.01,"Epithelial",4,0.999999999999421,1.07623293973067e-06,5.13593234630072e-06,0.999999999999421
"kernel_fp32_f32_accumulation",0.01,"Fibroblast",1,0.999999999999229,1.24096177217154e-06,4.16699999061798e-06,0.999999999999229
"kernel_fp32_f32_accumulation",0.01,"Fibroblast",2,0.999999999999775,6.72825933880338e-07,3.56570663928579e-06,0.999999999999774
"kernel_fp32_f32_accumulation",0.01,"Fibroblast",3,0.999999999997679,2.15463402859336e-06,9.91760594526436e-06,0.999999999997678
"kernel_fp32_f32_accumulation",0.01,"Fibroblast",4,0.999999999998926,1.46654944742058e-06,5.28275637944661e-06,0.999999999998924
"kernel_fp32_f32_accumulation",0.01,"Immune",1,0.999999999999819,5.9908942967294e-07,3.76720737460534e-06,0.99999999999982
"kernel_fp32_f32_accumulation",0.01,"Immune",2,0.999999999999867,5.15569556210167e-07,1.63110061757177e-06,0.999999999999867
"kernel_fp32_f32_accumulation",0.01,"Immune",3,0.99999999999744,2.25997770145226e-06,1.3542633543917e-05,0.99999999999744
"kernel_fp32_f32_accumulation",0.01,"Immune",4,0.99999999999818,1.9047000733985e-06,6.77092255485512e-06,0.999999999998181
"kernel_fp32_f32_accumulation",0.02,"Epithelial",1,0.999999999999971,2.47789216674502e-07,1.59242313335639e-06,0.999999999999969
"kernel_fp32_f32_accumulation",0.02,"Epithelial",2,0.99999999999988,5.0576327055441e-07,2.25179259627506e-06,0.999999999999872
"kernel_fp32_f32_accumulation",0.02,"Epithelial",3,0.999999999999838,5.68921889959831e-07,3.25799435718643e-06,0.999999999999838
"kernel_fp32_f32_accumulation",0.02,"Epithelial",4,0.999999999999824,5.94488348867467e-07,3.36829410452211e-06,0.999999999999823
"kernel_fp32_f32_accumulation",0.02,"Fibroblast",1,0.99999999999975,7.06992735713111e-07,3.26696275732008e-06,0.99999999999975
"kernel_fp32_f32_accumulation",0.02,"Fibroblast",2,0.999999999999808,6.21794097376642e-07,3.70476716637924e-06,0.999999999999807
"kernel_fp32_f32_accumulation",0.02,"Fibroblast",3,0.999999999999685,7.9699252985761e-07,5.64961887006277e-06,0.999999999999682
"kernel_fp32_f32_accumulation",0.02,"Fibroblast",4,0.99999999999913,1.31867158156411e-06,9.07064353339315e-06,0.99999999999913
"kernel_fp32_f32_accumulation",0.02,"Immune",1,0.999999999999574,9.23709760915459e-07,5.03987381650361e-06,0.999999999999572
"kernel_fp32_f32_accumulation",0.02,"Immune",2,0.999999999999629,8.59724738305137e-07,4.22356973150961e-06,0.999999999999629
"kernel_fp32_f32_accumulation",0.02,"Immune",3,0.999999999999522,9.75141068232848e-07,6.75483637269103e-06,0.999999999999523
"kernel_fp32_f32_accumulation",0.02,"Immune",4,0.999999999999374,1.11828076371008e-06,6.77954251671053e-06,0.999999999999373
"kernel_fp32_f32_accumulation",0.05,"Epithelial",1,0.999999999999953,3.05934145385789e-07,1.4906223995137e-06,0.999999999999954
"kernel_fp32_f32_accumulation",0.05,"Epithelial",2,0.999999999999888,4.78263341227811e-07,1.95940780356452e-06,0.999999999999886
"kernel_fp32_f32_accumulation",0.05,"Epithelial",3,0.999999999999947,3.20164827261695e-07,1.46696933400747e-06,0.999999999999949
"kernel_fp32_f32_accumulation",0.05,"Epithelial",4,0.999999999999603,8.9034799139805e-07,4.51687737523798e-06,0.999999999999604
"kernel_fp32_f32_accumulation",0.05,"Fibroblast",1,0.99999999999973,7.34165525003508e-07,2.7142401771707e-06,0.99999999999973
"kernel_fp32_f32_accumulation",0.05,"Fibroblast",2,0.999999999999689,7.88046237246906e-07,3.10230650986398e-06,0.999999999999689
"kernel_fp32_f32_accumulation",0.05,"Fibroblast",3,0.999999999999776,6.68886988323584e-07,3.26100232772575e-06,0.999999999999776
"kernel_fp32_f32_accumulation",0.05,"Fibroblast",4,0.999999999998517,1.72113859032277e-06,1.11280294143867e-05,0.999999999998518
"kernel_fp32_f32_accumulation",0.05,"Immune",1,0.9999999999996,8.93860152881301e-07,3.82506128415727e-06,0.999999999999599
"kernel_fp32_f32_accumulation",0.05,"Immune",2,0.999999999999188,1.27186269985188e-06,6.25637300580295e-06,0.999999999999189
"kernel_fp32_f32_accumulation",0.05,"Immune",3,0.999999999999734,7.28925673177346e-07,2.84907957009972e-06,0.999999999999734
"kernel_fp32_f32_accumulation",0.05,"Immune",4,0.999999999999173,1.28476679116755e-06,6.82965904541533e-06,0.999999999999173
"kernel_fp32_f32_accumulation",0.1,"Epithelial",1,0.999999999999844,5.5892969737332e-07,1.88639210163544e-06,0.999999999999844
"kernel_fp32_f32_accumulation",0.1,"Epithelial",2,0.999999999999351,1.14100977110023e-06,4.90923068352522e-06,0.999999999999349
"kernel_fp32_f32_accumulation",0.1,"Epithelial",3,0.999999999999379,1.11750639054664e-06,4.48582298018252e-06,0.999999999999375
"kernel_fp32_f32_accumulation",0.1,"Epithelial",4,0.999999999997546,2.21397998015551e-06,1.11867772049079e-05,0.999999999997549
"kernel_fp32_f32_accumulation",0.1,"Fibroblast",1,0.999999999999468,1.03185481937291e-06,4.62638921749914e-06,0.999999999999467
"kernel_fp32_f32_accumulation",0.1,"Fibroblast",2,0.999999999998741,1.58564061418315e-06,7.57541821927443e-06,0.999999999998742
"kernel_fp32_f32_accumulation",0.1,"Fibroblast",3,0.99999999999903,1.39302760201756e-06,5.32237458274187e-06,0.999999999999029
"kernel_fp32_f32_accumulation",0.1,"Fibroblast",4,0.999999999997053,2.42653068744284e-06,8.91700035232645e-06,0.999999999997055
"kernel_fp32_f32_accumulation",0.1,"Immune",1,0.99999999999958,9.15961097547524e-07,3.93717388691428e-06,0.99999999999958
"kernel_fp32_f32_accumulation",0.1,"Immune",2,0.999999999998892,1.4863485819406e-06,7.51282903710404e-06,0.999999999998892
"kernel_fp32_f32_accumulation",0.1,"Immune",3,0.999999999998958,1.44210571203063e-06,7.77641813587415e-06,0.999999999998958
"kernel_fp32_f32_accumulation",0.1,"Immune",4,0.999999999996906,2.48457980517282e-06,1.02496726247514e-05,0.999999999996905
"kernel_fp16_f64_accumulation",0.005,"Epithelial",1,0.999999999770333,2.14310319944189e-05,9.88311923739715e-05,0.99999999977033
"kernel_fp16_f64_accumulation",0.005,"Epithelial",2,0.999999999272653,3.81384031861927e-05,0.000196853556049592,0.999999999272653
"kernel_fp16_f64_accumulation",0.005,"Epithelial",3,0.999999995031856,9.96756100641992e-05,0.000461943227129336,0.999999995031855
"kernel_fp16_f64_accumulation",0.005,"Epithelial",4,0.999999970175952,0.000244216523221372,0.00148650941593687,0.999999970175955
"kernel_fp16_f64_accumulation",0.005,"Fibroblast",1,0.999999999451827,3.31026107886433e-05,0.000160207917719424,0.999999999451826
"kernel_fp16_f64_accumulation",0.005,"Fibroblast",2,0.999999998867123,4.75876228504494e-05,0.000237629240521064,0.999999998867125
"kernel_fp16_f64_accumulation",0.005,"Fibroblast",3,0.999999985118285,0.000172476306136281,0.00135870653399994,0.999999985118283
"kernel_fp16_f64_accumulation",0.005,"Fibroblast",4,0.999999958336645,0.000288589182834498,0.00140488733061694,0.999999958336644
"kernel_fp16_f64_accumulation",0.005,"Immune",1,0.999999999862111,1.65846196214161e-05,8.23991859912887e-05,0.999999999862113
"kernel_fp16_f64_accumulation",0.005,"Immune",2,0.999999999379907,3.51699304264405e-05,0.000191666425651604,0.999999999379906
"kernel_fp16_f64_accumulation",0.005,"Immune",3,0.999999975174272,0.000222532683555935,0.00111372482310168,0.999999975174272
"kernel_fp16_f64_accumulation",0.005,"Immune",4,0.99999995037247,0.000314632899702318,0.00136178866501724,0.99999995037247
"kernel_fp16_f64_accumulation",0.01,"Epithelial",1,0.999999999972415,7.42754696356311e-06,3.53435888018616e-05,0.999999999972413
"kernel_fp16_f64_accumulation",0.01,"Epithelial",2,0.999999999865169,1.64204728269007e-05,0.000109283190128151,0.999999999865169
"kernel_fp16_f64_accumulation",0.01,"Epithelial",3,0.999999999510954,3.12728002052484e-05,0.000188056294713412,0.999999999510953
"kernel_fp16_f64_accumulation",0.01,"Epithelial",4,0.999999998860479,4.77367266617565e-05,0.000216850204811436,0.999999998860481
"kernel_fp16_f64_accumulation",0.01,"Fibroblast",1,0.999999999924911,1.22513193802963e-05,6.29657056730459e-05,0.999999999924914
"kernel_fp16_f64_accumulation",0.01,"Fibroblast",2,0.999999999766409,2.16088004139529e-05,9.5934536665121e-05,0.999999999766409
"kernel_fp16_f64_accumulation",0.01,"Fibroblast",3,0.999999998743494,5.01169870701898e-05,0.000258396713966658,0.999999998743495
"kernel_fp16_f64_accumulation",0.01,"Fibroblast",4,0.999999996671888,8.15646404006665e-05,0.000321486745977623,0.999999996671887
"kernel_fp16_f64_accumulation",0.01,"Immune",1,0.999999999811827,1.9374082293655e-05,6.28590026091058e-05,0.999999999811828
"kernel_fp16_f64_accumulation",0.01,"Immune",2,0.999999999474201,3.23856900926533e-05,0.000142622193245234,0.9999999994742
"kernel_fp16_f64_accumulation",0.01,"Immune",3,0.999999995574059,9.39605654061148e-05,0.00039357513873084,0.999999995574059
"kernel_fp16_f64_accumulation",0.01,"Immune",4,0.999999993976383,0.000109615380745951,0.000460841224132577,0.999999993976383
"kernel_fp16_f64_accumulation",0.02,"Epithelial",1,0.999999999954775,9.50986273071411e-06,5.61122318105678e-05,0.999999999954777
"kernel_fp16_f64_accumulation",0.02,"Epithelial",2,0.999999999889811,1.48444925260743e-05,7.4508784755456e-05,0.999999999889809
"kernel_fp16_f64_accumulation",0.02,"Epithelial",3,0.99999999867746,5.1427564666296e-05,0.000362139277833462,0.999999998677461
"kernel_fp16_f64_accumulation",0.02,"Epithelial",4,0.999999998272576,5.87748435733612e-05,0.000356841665759333,0.999999998272574
"kernel_fp16_f64_accumulation",0.02,"Fibroblast",1,0.999999999964409,8.43503647741995e-06,4.34436609717329e-05,0.999999999964406
"kernel_fp16_f64_accumulation",0.02,"Fibroblast",2,0.999999999856343,1.69462069136942e-05,7.62788569643735e-05,0.999999999856339
"kernel_fp16_f64_accumulation",0.02,"Fibroblast",3,0.999999998116561,6.13590334308477e-05,0.000282225022264049,0.999999998116563
"kernel_fp16_f64_accumulation",0.02,"Fibroblast",4,0.999999997985843,6.34526120607345e-05,0.000292702621648377,0.999999997985844
"kernel_fp16_f64_accumulation",0.02,"Immune",1,0.999999999950323,9.95458792340953e-06,4.41694451616126e-05,0.999999999950322
"kernel_fp16_f64_accumulation",0.02,"Immune",2,0.99999999989848,1.42305613911405e-05,6.98625212528226e-05,0.999999999898478
"kernel_fp16_f64_accumulation",0.02,"Immune",3,0.999999998781395,4.93031073377408e-05,0.000197089702386632,0.999999998781395
"kernel_fp16_f64_accumulation",0.02,"Immune",4,0.999999998370674,5.70094585216146e-05,0.000290112879909987,0.999999998370673
"kernel_fp16_f64_accumulation",0.05,"Epithelial",1,0.99999999988324,1.52808664757743e-05,6.91850628022905e-05,0.999999999883236
"kernel_fp16_f64_accumulation",0.05,"Epithelial",2,0.999999999843077,1.77149039035414e-05,7.22347716586302e-05,0.999999999843074
"kernel_fp16_f64_accumulation",0.05,"Epithelial",3,0.999999999888377,1.49404304410992e-05,8.84194496755253e-05,0.99999999988838
"kernel_fp16_f64_accumulation",0.05,"Epithelial",4,0.999999999309188,3.71681092512282e-05,0.000200732463757437,0.999999999309192
"kernel_fp16_f64_accumulation",0.05,"Fibroblast",1,0.999999999832877,1.82777139992569e-05,9.19704276967082e-05,0.999999999832877
"kernel_fp16_f64_accumulation",0.05,"Fibroblast",2,0.999999999780433,2.09501059784683e-05,7.97770807583476e-05,0.999999999780433
"kernel_fp16_f64_accumulation",0.05,"Fibroblast",3,0.99999999986994,1.61240321373424e-05,8.12576689610545e-05,0.999999999869941
"kernel_fp16_f64_accumulation",0.05,"Fibroblast",4,0.999999998865987,4.76114698254823e-05,0.00023995967757684,0.999999998865989
"kernel_fp16_f64_accumulation",0.05,"Immune",1,0.999999999499851,3.15858594829464e-05,0.000179916332425756,0.999999999499851
"kernel_fp16_f64_accumulation",0.05,"Immune",2,0.999999999476702,3.23085599492509e-05,0.000154664733840404,0.999999999476701
"kernel_fp16_f64_accumulation",0.05,"Immune",3,0.99999999960315,2.81356108441611e-05,8.77190549639639e-05,0.99999999960315
"kernel_fp16_f64_accumulation",0.05,"Immune",4,0.999999998979042,4.51280578332618e-05,0.000213505399216149,0.999999998979042
"kernel_fp16_f64_accumulation",0.1,"Epithelial",1,0.999999990362572,0.000138826498164694,0.00043951178969559,0.999999990362571
"kernel_fp16_f64_accumulation",0.1,"Epithelial",2,0.999999988420116,0.000152175223438544,0.000660152980071271,0.999999988420112
"kernel_fp16_f64_accumulation",0.1,"Epithelial",3,0.999999995064094,9.9351683366592e-05,0.00032285501847984,0.999999995064094
"kernel_fp16_f64_accumulation",0.1,"Epithelial",4,0.999999960722218,0.000280262664360845,0.0015943104972056,0.999999960722218
"kernel_fp16_f64_accumulation",0.1,"Fibroblast",1,0.999999988924422,0.000148794242473476,0.000526567733365513,0.999999988924422
"kernel_fp16_f64_accumulation",0.1,"Fibroblast",2,0.999999988094458,0.000154268579245838,0.000826408181166527,0.99999998809446
"kernel_fp16_f64_accumulation",0.1,"Fibroblast",3,0.999999993501632,0.000113973800537738,0.000453893739467692,0.999999993501633
"kernel_fp16_f64_accumulation",0.1,"Fibroblast",4,0.999999957771551,0.000290539699787312,0.00152217750881123,0.999999957771552
"kernel_fp16_f64_accumulation",0.1,"Immune",1,0.999999996101065,8.81892673269743e-05,0.00023670958425015,0.999999996101066
"kernel_fp16_f64_accumulation",0.1,"Immune",2,0.999999993595834,0.000113024889409122,0.000491807937976318,0.999999993595834
"kernel_fp16_f64_accumulation",0.1,"Immune",3,0.99999999669903,8.11453383160111e-05,0.000286526436134693,0.999999996699031
"kernel_fp16_f64_accumulation",0.1,"Immune",4,0.999999959745346,0.000283368029596307,0.00126393493294952,0.999999959745347
"kernel_fp16_f32_accumulation",0.005,"Epithelial",1,0.99999999976791,2.15435292737711e-05,0.000100409222239861,0.999999999767913
"kernel_fp16_f32_accumulation",0.005,"Epithelial",2,0.999999999272128,3.81522340791651e-05,0.000194361279020949,0.999999999272125
"kernel_fp16_f32_accumulation",0.005,"Epithelial",3,0.999999994983509,0.000100159446942836,0.000462558115590261,0.999999994983506
"kernel_fp16_f32_accumulation",0.005,"Epithelial",4,0.999999970356976,0.000243474243233576,0.00147667846074917,0.999999970356976
"kernel_fp16_f32_accumulation",0.005,"Fibroblast",1,0.999999999446213,3.32716426473501e-05,0.000160394251496943,0.999999999446213
"kernel_fp16_f32_accumulation",0.005,"Fibroblast",2,0.999999998871181,4.75023691809814e-05,0.000237291670609929,0.99999999887118
"kernel_fp16_f32_accumulation",0.005,"Fibroblast",3,0.999999985085723,0.000172664893683089,0.00135522819123457,0.999999985085722
"kernel_fp16_f32_accumulation",0.005,"Fibroblast",4,0.999999958490204,0.000288056856233183,0.00140568853824075,0.999999958490205
"kernel_fp16_f32_accumulation",0.005,"Immune",1,0.999999999860969,1.66532311792168e-05,8.29765724262854e-05,0.999999999860969
"kernel_fp16_f32_accumulation",0.005,"Immune",2,0.999999999381908,3.51131063083451e-05,0.000191129727937112,0.999999999381908
"kernel_fp16_f32_accumulation",0.005,"Immune",3,0.999999975193603,0.000222446023993361,0.00110686686078365,0.999999975193603
"kernel_fp16_f32_accumulation",0.005,"Immune",4,0.999999950598507,0.000313915561082913,0.00135674605044778,0.999999950598506
"kernel_fp16_f32_accumulation",0.01,"Epithelial",1,0.999999999971929,7.49272408807816e-06,3.55134609237862e-05,0.999999999971926
"kernel_fp16_f32_accumulation",0.01,"Epithelial",2,0.999999999865344,1.64098328575585e-05,0.000108422662978169,0.999999999865344
"kernel_fp16_f32_accumulation",0.01,"Epithelial",3,0.999999999517895,3.10500977363279e-05,0.000185158168591659,0.999999999517894
"kernel_fp16_f32_accumulation",0.01,"Epithelial",4,0.99999999886192,4.7706479722117e-05,0.000216047176231138,0.999999998861924
"kernel_fp16_f32_accumulation",0.01,"Fibroblast",1,0.999999999925076,1.2238039168562e-05,6.36436706645815e-05,0.999999999925076
"kernel_fp16_f32_accumulation",0.01,"Fibroblast",2,0.999999999766213,2.16178564712215e-05,9.57548374125317e-05,0.999999999766214
"kernel_fp16_f32_accumulation",0.01,"Fibroblast",3,0.999999998748113,5.00248210821009e-05,0.000257689512833448,0.999999998748113
"kernel_fp16_f32_accumulation",0.01,"Fibroblast",4,0.999999996698089,8.12429126845228e-05,0.000320518818777843,0.999999996698091
"kernel_fp16_f32_accumulation",0.01,"Immune",1,0.999999999810619,1.94361385386242e-05,6.19027827207796e-05,0.99999999981062
"kernel_fp16_f32_accumulation",0.01,"Immune",2,0.999999999476948,3.23009542450703e-05,0.000140877342278856,0.999999999476948
"kernel_fp16_f32_accumulation",0.01,"Immune",3,0.999999995570208,9.40014299499604e-05,0.000398109978996697,0.999999995570208
"kernel_fp16_f32_accumulation",0.01,"Immune",4,0.999999994014759,0.000109265644301183,0.000456112652086518,0.999999994014759
"kernel_fp16_f32_accumulation",0.02,"Epithelial",1,0.999999999954338,9.55565772686506e-06,5.65211939680399e-05,0.99999999995434
"kernel_fp16_f32_accumulation",0.02,"Epithelial",2,0.999999999888928,1.49037924778947e-05,7.34266176345422e-05,0.999999999888927
"kernel_fp16_f32_accumulation",0.02,"Epithelial",3,0.99999999862985,5.23451337755844e-05,0.000367590281195707,0.999999998629847
"kernel_fp16_f32_accumulation",0.02,"Epithelial",4,0.999999998227331,5.95396038651934e-05,0.000360001275623745,0.999999998227328
"kernel_fp16_f32_accumulation",0.02,"Fibroblast",1,0.999999999961515,8.7711232963558e-06,4.38282158879803e-05,0.999999999961514
"kernel_fp16_f32_accumulation",0.02,"Fibroblast",2,0.999999999853307,1.71240324775339e-05,7.88735279915187e-05,0.999999999853308
"kernel_fp16_f32_accumulation",0.02,"Fibroblast",3,0.999999998066525,6.21688013307255e-05,0.000289881719673923,0.999999998066522
"kernel_fp16_f32_accumulation",0.02,"Fibroblast",4,0.999999997943546,6.41153905532653e-05,0.000288861272167207,0.999999997943548
"kernel_fp16_f32_accumulation",0.02,"Immune",1,0.999999999950351,9.95167275226525e-06,4.47022517798823e-05,0.999999999950351
"kernel_fp16_f32_accumulation",0.02,"Immune",2,0.999999999895956,1.44062154023323e-05,7.21366712383709e-05,0.999999999895957
"kernel_fp16_f32_accumulation",0.02,"Immune",3,0.999999998747326,4.99875213199232e-05,0.000200102286920245,0.999999998747327
"kernel_fp16_f32_accumulation",0.02,"Immune",4,0.9999999983239,5.7821957691446e-05,0.000297158940117281,0.9999999983239
"kernel_fp16_f32_accumulation",0.05,"Epithelial",1,0.99999999989981,1.41550823054798e-05,6.59582339186393e-05,0.999999999899806
"kernel_fp16_f32_accumulation",0.05,"Epithelial",2,0.999999999857081,1.69058020290169e-05,7.1928692688461e-05,0.999999999857082
"kernel_fp16_f32_accumulation",0.05,"Epithelial",3,0.999999999888422,1.49376118418666e-05,8.82852828947289e-05,0.999999999888422
"kernel_fp16_f32_accumulation",0.05,"Epithelial",4,0.99999999931145,3.71073330913523e-05,0.000202673242037196,0.999999999311449
"kernel_fp16_f32_accumulation",0.05,"Fibroblast",1,0.999999999853141,1.71336578234893e-05,9.07947837505141e-05,0.999999999853144
"kernel_fp16_f32_accumulation",0.05,"Fibroblast",2,0.999999999797111,2.01387139850678e-05,7.84081294518124e-05,0.999999999797111
"kernel_fp16_f32_accumulation",0.05,"Fibroblast",3,0.999999999870298,1.6101846646855e-05,8.48450663688549e-05,0.999999999870299
"kernel_fp16_f32_accumulation",0.05,"Fibroblast",4,0.999999998879359,4.73299799135041e-05,0.000240279454779113,0.999999998879358
"kernel_fp16_f32_accumulation",0.05,"Immune",1,0.999999999531,3.05864653661646e-05,0.000175646126774953,0.999999999531
"kernel_fp16_f32_accumulation",0.05,"Immune",2,0.999999999503077,3.14838423176424e-05,0.000149889118064683,0.999999999503076
"kernel_fp16_f32_accumulation",0.05,"Immune",3,0.99999999960754,2.7979568442068e-05,8.7606661988815e-05,0.999999999607539
"kernel_fp16_f32_accumulation",0.05,"Immune",4,0.99999999898573,4.49800191556418e-05,0.000218375322307215,0.99999999898573
"kernel_fp16_f32_accumulation",0.1,"Epithelial",1,0.999999990311659,0.000139192657595319,0.000438728377881503,0.999999990311666
"kernel_fp16_f32_accumulation",0.1,"Epithelial",2,0.999999988336104,0.000152726232622994,0.000662552600755872,0.999999988336101
"kernel_fp16_f32_accumulation",0.1,"Epithelial",3,0.99999999505452,9.94480159136224e-05,0.000322949477471468,0.999999995054517
"kernel_fp16_f32_accumulation",0.1,"Epithelial",4,0.999999960891727,0.000279657245576172,0.00159155183930937,0.999999960891729
"kernel_fp16_f32_accumulation",0.1,"Fibroblast",1,0.999999988880009,0.000149092268554516,0.000526232482840783,0.99999998888001
"kernel_fp16_f32_accumulation",0.1,"Fibroblast",2,0.999999987983037,0.000154988785375307,0.000833695059547779,0.999999987983037
"kernel_fp16_f32_accumulation",0.1,"Fibroblast",3,0.999999993503496,0.000113957471933902,0.000451023094372227,0.999999993503495
"kernel_fp16_f32_accumulation",0.1,"Fibroblast",4,0.999999957947202,0.00028993481090762,0.00151787203884268,0.999999957947203
"kernel_fp16_f32_accumulation",0.1,"Immune",1,0.999999996079294,8.84351640452224e-05,0.000237219676219702,0.999999996079293
"kernel_fp16_f32_accumulation",0.1,"Immune",2,0.999999993568675,0.000113264300572952,0.000491721940522494,0.999999993568674
"kernel_fp16_f32_accumulation",0.1,"Immune",3,0.999999996700428,8.11281271991935e-05,0.000286198896714662,0.999999996700431
"kernel_fp16_f32_accumulation",0.1,"Immune",4,0.999999959941075,0.000282678291713083,0.00126317530222497,0.999999959941073
"kernel_bins100_f64_accumulation",0.005,"Epithelial",1,0.99999808530848,0.00195677627606292,0.0115734278806245,0.999998085308479
"kernel_bins100_f64_accumulation",0.005,"Epithelial",2,0.999991487356255,0.00412595034047351,0.0264116649882482,0.999991487356256
"kernel_bins100_f64_accumulation",0.005,"Epithelial",3,0.999965337790715,0.00832568331160348,0.0393597117635976,0.999965337790716
"kernel_bins100_f64_accumulation",0.005,"Epithelial",4,0.999898196377151,0.014268337845126,0.0761762463814734,0.999898196377151
"kernel_bins100_f64_accumulation",0.005,"Fibroblast",1,0.999997044296626,0.00243071110693005,0.0102227205490872,0.999997044296626
"kernel_bins100_f64_accumulation",0.005,"Fibroblast",2,0.999990537366715,0.004349195466666,0.0223656878482241,0.999990537366717
"kernel_bins100_f64_accumulation",0.005,"Fibroblast",3,0.999952746751799,0.00971893674448873,0.0505126330200798,0.999952746751797
"kernel_bins100_f64_accumulation",0.005,"Fibroblast",4,0.999896621511717,0.0143753361985941,0.0679602485040878,0.999896621511716
"kernel_bins100_f64_accumulation",0.005,"Immune",1,0.999992957687137,0.00374800759377355,0.0118668981065216,0.999992957687137
"kernel_bins100_f64_accumulation",0.005,"Immune",2,0.999987524654251,0.00498848992987668,0.017780118935372,0.999987524654252
"kernel_bins100_f64_accumulation",0.005,"Immune",3,0.999880155142632,0.015461531370808,0.0607238753848598,0.999880155142632
"kernel_bins100_f64_accumulation",0.005,"Immune",4,0.999828739355794,0.0184829628739494,0.11604806857641,0.999828739355794
"kernel_bins100_f64_accumulation",0.01,"Epithelial",1,0.999999492821008,0.00100709953152255,0.00460186403151053,0.999999492821011
"kernel_bins100_f64_accumulation",0.01,"Epithelial",2,0.999997504753989,0.00223382142759376,0.0119421395016565,0.999997504753987
"kernel_bins100_f64_accumulation",0.01,"Epithelial",3,0.999967822294486,0.00802175333926957,0.0407417974802885,0.99996782229448
"kernel_bins100_f64_accumulation",0.01,"Epithelial",4,0.999956150370628,0.00936428732679903,0.0389013520920169,0.999956150370627
"kernel_bins100_f64_accumulation",0.01,"Fibroblast",1,0.999999517861907,0.000981722274785317,0.00426153054735673,0.999999517861906
"kernel_bins100_f64_accumulation",0.01,"Fibroblast",2,0.99999651053598,0.00264108442447914,0.0130036274577505,0.999996510535983
"kernel_bins100_f64_accumulation",0.01,"Fibroblast",3,0.999940936597274,0.010865811175688,0.0890753351292039,0.999940936597275
"kernel_bins100_f64_accumulation",0.01,"Fibroblast",4,0.999931412952737,0.0117091124027382,0.0594954665023861,0.999931412952737
"kernel_bins100_f64_accumulation",0.01,"Immune",1,0.999996936239578,0.00247212374060076,0.0086889821524121,0.999996936239578
"kernel_bins100_f64_accumulation",0.01,"Immune",2,0.999995421537972,0.00302205673131797,0.012315026234831,0.999995421537972
"kernel_bins100_f64_accumulation",0.01,"Immune",3,0.999831599613744,0.0183279691916365,0.0642261528449029,0.999831599613744
"kernel_bins100_f64_accumulation",0.01,"Immune",4,0.999840599064232,0.0178315147769549,0.0571348469345592,0.999840599064233
"kernel_bins100_f64_accumulation",0.02,"Epithelial",1,0.999999804883168,0.000624653444109853,0.00319321747485624,0.999999804883164
"kernel_bins100_f64_accumulation",0.02,"Epithelial",2,0.999999328432699,0.00115887484910495,0.00678517389900368,0.999999328432701
"kernel_bins100_f64_accumulation",0.02,"Epithelial",3,0.999996750526487,0.00254916688367802,0.0123510637998152,0.999996750526488
"kernel_bins100_f64_accumulation",0.02,"Epithelial",4,0.999994878023732,0.00320044632623413,0.0189077734334687,0.999994878023734
"kernel_bins100_f64_accumulation",0.02,"Fibroblast",1,0.999999770584847,0.000677195357352807,0.00269004066437573,0.999999770584847
"kernel_bins100_f64_accumulation",0.02,"Fibroblast",2,0.999999188134485,0.00127392825130175,0.00631647437311256,0.999999188134486
"kernel_bins100_f64_accumulation",0.02,"Fibroblast",3,0.999996453295315,0.0026626582957339,0.01760726265497,0.999996453295315
"kernel_bins100_f64_accumulation",0.02,"Fibroblast",4,0.999992573076841,0.00385307432977295,0.0203380940516507,0.999992573076843
"kernel_bins100_f64_accumulation",0.02,"Immune",1,0.999999220648398,0.00124683653900215,0.00563996889322996,0.999999220648397
"kernel_bins100_f64_accumulation",0.02,"Immune",2,0.99999709505403,0.00240719811218894,0.0111879185577557,0.99999709505403
"kernel_bins100_f64_accumulation",0.02,"Immune",3,0.99998761258855,0.00497087778924997,0.0280105004254825,0.999987612588551
"kernel_bins100_f64_accumulation",0.02,"Immune",4,0.999979835620776,0.0063421313559638,0.0294200397869302,0.999979835620777
"kernel_bins100_f64_accumulation",0.05,"Epithelial",1,0.999999781500562,0.000661023543278736,0.00334719064027533,0.999999781500564
"kernel_bins100_f64_accumulation",0.05,"Epithelial",2,0.999999485256701,0.00101458191621866,0.00546630898873993,0.999999485256703
"kernel_bins100_f64_accumulation",0.05,"Epithelial",3,0.999998395150383,0.00179146751941309,0.00974646806579642,0.999998395150385
"kernel_bins100_f64_accumulation",0.05,"Epithelial",4,0.999990856379512,0.00427612963979395,0.0216087352625582,0.999990856379515
"kernel_bins100_f64_accumulation",0.05,"Fibroblast",1,0.999999730146839,0.000734457511791334,0.0035764508354145,0.999999730146839
"kernel_bins100_f64_accumulation",0.05,"Fibroblast",2,0.999999374377703,0.00111830181820467,0.00584136551559955,0.999999374377703
"kernel_bins100_f64_accumulation",0.05,"Fibroblast",3,0.999998435019489,0.00176871308500347,0.00892446021791682,0.999998435019488
"kernel_bins100_f64_accumulation",0.05,"Fibroblast",4,0.999991667612147,0.00408119795577751,0.0170023176395451,0.999991667612145
"kernel_bins100_f64_accumulation",0.05,"Immune",1,0.999998852727987,0.0015127808017372,0.00525879901977033,0.999998852727986
"kernel_bins100_f64_accumulation",0.05,"Immune",2,0.999998662343115,0.00163348506846475,0.00609803177793214,0.999998662343116
"kernel_bins100_f64_accumulation",0.05,"Immune",3,0.999996105451382,0.00278722076825115,0.00938520473217708,0.999996105451382
"kernel_bins100_f64_accumulation",0.05,"Immune",4,0.999990305840648,0.00439741933570188,0.0165742672215726,0.999990305840648
"kernel_bins100_f64_accumulation",0.1,"Epithelial",1,0.999999391403863,0.00110320536393567,0.0053330659744983,0.999999391403858
"kernel_bins100_f64_accumulation",0.1,"Epithelial",2,0.999999224360477,0.00124543691035031,0.00717158500855147,0.999999224360478
"kernel_bins100_f64_accumulation",0.1,"Epithelial",3,0.999998761727589,0.00157361999744488,0.00648095412974437,0.999998761727588
"kernel_bins100_f64_accumulation",0.1,"Epithelial",4,0.999936020059131,0.0113113303043617,0.0653951793165455,0.999936020059135
"kernel_bins100_f64_accumulation",0.1,"Fibroblast",1,0.999999451250389,0.0010473456525294,0.00533079176830686,0.99999945125039
"kernel_bins100_f64_accumulation",0.1,"Fibroblast",2,0.999999079074855,0.00135679766242831,0.00608344194350008,0.999999079074858
"kernel_bins100_f64_accumulation",0.1,"Fibroblast",3,0.999997462760965,0.0022520789646286,0.00988414973565022,0.999997462760963
"kernel_bins100_f64_accumulation",0.1,"Fibroblast",4,0.999937935946148,0.0111384046484291,0.0605600383984348,0.999937935946148
"kernel_bins100_f64_accumulation",0.1,"Immune",1,0.99999894711185,0.0014492186807294,0.00870090220084263,0.99999894711185
"kernel_bins100_f64_accumulation",0.1,"Immune",2,0.999997302620172,0.00231960404400705,0.00763833961164136,0.999997302620172
"kernel_bins100_f64_accumulation",0.1,"Immune",3,0.999996998163145,0.00244701339785933,0.00983553767994316,0.999996998163145
"kernel_bins100_f64_accumulation",0.1,"Immune",4,0.999923516866555,0.012351668878478,0.0549033614364656,0.999923516866555
"kernel_bins100_f32_accumulation",0.005,"Epithelial",1,0.99999808581485,0.00195651750939049,0.0115709113834191,0.999998085814848
"kernel_bins100_f32_accumulation",0.005,"Epithelial",2,0.999991487325147,0.00412595787915765,0.0264108872918061,0.999991487325148
"kernel_bins100_f32_accumulation",0.005,"Epithelial",3,0.999965334865424,0.00832603462434231,0.0393664501231546,0.999965334865423
"kernel_bins100_f32_accumulation",0.005,"Epithelial",4,0.999898199958582,0.0142680868642868,0.0761849999546915,0.999898199958583
"kernel_bins100_f32_accumulation",0.005,"Fibroblast",1,0.999997044627681,0.00243057497793495,0.010220759021437,0.999997044627678
"kernel_bins100_f32_accumulation",0.005,"Fibroblast",2,0.999990537640809,0.00434913247761508,0.0223665762125331,0.999990537640808
"kernel_bins100_f32_accumulation",0.005,"Fibroblast",3,0.999952744125211,0.00971920685583057,0.0505079627338914,0.99995274412521
"kernel_bins100_f32_accumulation",0.005,"Fibroblast",4,0.999896618442581,0.014375549586821,0.0679680360557606,0.999896618442582
"kernel_bins100_f32_accumulation",0.005,"Immune",1,0.999992957606536,0.00374802904206144,0.0118669154008582,0.999992957606536
"kernel_bins100_f32_accumulation",0.005,"Immune",2,0.999987525140206,0.00498839277036641,0.0177779589368804,0.999987525140206
"kernel_bins100_f32_accumulation",0.005,"Immune",3,0.999880156966478,0.015461413720477,0.0607262825285126,0.999880156966478
"kernel_bins100_f32_accumulation",0.005,"Immune",4,0.999828738668331,0.0184829999704133,0.116049591814061,0.999828738668332
"kernel_bins100_f32_accumulation",0.01,"Epithelial",1,0.999999492823227,0.00100709733346922,0.00460238001170787,0.999999492823225
"kernel_bins100_f32_accumulation",0.01,"Epithelial",2,0.9999975044207,0.0022339706042744,0.0119448479160167,0.999997504420706
"kernel_bins100_f32_accumulation",0.01,"Epithelial",3,0.999967817545724,0.00802234523894922,0.0407440526493953,0.999967817545723
"kernel_bins100_f32_accumulation",0.01,"Epithelial",4,0.999956144649381,0.00936489820588813,0.0389032095963386,0.999956144649382
"kernel_bins100_f32_accumulation",0.01,"Fibroblast",1,0.999999517836166,0.000981748478934211,0.00426235999694691,0.999999517836167
"kernel_bins100_f32_accumulation",0.01,"Fibroblast",2,0.999996510612665,0.00264105540519406,0.0130024981194554,0.999996510612664
"kernel_bins100_f32_accumulation",0.01,"Fibroblast",3,0.999940930716249,0.0108663521242293,0.0890787236927247,0.99994093071625
"kernel_bins100_f32_accumulation",0.01,"Fibroblast",4,0.999931407987708,0.0117095362074853,0.0594978201451082,0.999931407987707
"kernel_bins100_f32_accumulation",0.01,"Immune",1,0.999996936105683,0.0024721777595439,0.0086890142065621,0.999996936105683
"kernel_bins100_f32_accumulation",0.01,"Immune",2,0.99999542168704,0.0030220075342462,0.0123129133808391,0.99999542168704
"kernel_bins100_f32_accumulation",0.01,"Immune",3,0.999831592655476,0.018328347841627,0.0642250881314386,0.999831592655476
"kernel_bins100_f32_accumulation",0.01,"Immune",4,0.999840592487821,0.0178318826109109,0.0571365738406437,0.999840592487822
"kernel_bins100_f32_accumulation",0.02,"Epithelial",1,0.999999804881691,0.000624655795306388,0.00319343000075534,0.999999804881696
"kernel_bins100_f32_accumulation",0.02,"Epithelial",2,0.999999328470712,0.00115884205336998,0.00678439737545178,0.999999328470711
"kernel_bins100_f32_accumulation",0.02,"Epithelial",3,0.99999675057201,0.00254914902776169,0.0123504841734682,0.99999675057201
"kernel_bins100_f32_accumulation",0.02,"Epithelial",4,0.999994878160455,0.00320040361220621,0.0189068791993459,0.999994878160452
"kernel_bins100_f32_accumulation",0.02,"Fibroblast",1,0.999999770578381,0.00067720490147485,0.00268967271947607,0.99999977057838
"kernel_bins100_f32_accumulation",0.02,"Fibroblast",2,0.999999188337138,0.00127376924718049,0.00631636829967941,0.999999188337138
"kernel_bins100_f32_accumulation",0.02,"Fibroblast",3,0.999996454400577,0.00266224338070638,0.0176074711963846,0.999996454400576
"kernel_bins100_f32_accumulation",0.02,"Fibroblast",4,0.999992571621224,0.00385345189730423,0.0203443355592237,0.999992571621225
"kernel_bins100_f32_accumulation",0.02,"Immune",1,0.999999220606119,0.0012468703580464,0.0056408868052232,0.999999220606119
"kernel_bins100_f32_accumulation",0.02,"Immune",2,0.999997095268691,0.00240710917024337,0.0111883133229131,0.999997095268692
"kernel_bins100_f32_accumulation",0.02,"Immune",3,0.999987613159397,0.00497076325231401,0.0280124307990901,0.999987613159396
"kernel_bins100_f32_accumulation",0.02,"Immune",4,0.999979836501503,0.00634199285078693,0.0294203428603612,0.999979836501502
"kernel_bins100_f32_accumulation",0.05,"Epithelial",1,0.999999781631708,0.000660825146946722,0.00334676576711601,0.999999781631703
"kernel_bins100_f32_accumulation",0.05,"Epithelial",2,0.999999485457172,0.00101438433179047,0.00546528701883461,0.999999485457171
"kernel_bins100_f32_accumulation",0.05,"Epithelial",3,0.999998395532587,0.00179125418387566,0.00974572104364271,0.999998395532587
"kernel_bins100_f32_accumulation",0.05,"Epithelial",4,0.999990855556415,0.00427632210242221,0.0216143468809418,0.999990855556414
"kernel_bins100_f32_accumulation",0.05,"Fibroblast",1,0.999999730522805,0.000733945701396343,0.00357206121102674,0.999999730522805
"kernel_bins100_f32_accumulation",0.05,"Fibroblast",2,0.999999374797135,0.00111792688637891,0.00583691215346371,0.999999374797136
"kernel_bins100_f32_accumulation",0.05,"Fibroblast",3,0.999998435192111,0.00176861553449489,0.00892435450560458,0.999998435192111
"kernel_bins100_f32_accumulation",0.05,"Fibroblast",4,0.999991666839972,0.00408138705638046,0.0170030816436464,0.999991666839972
"kernel_bins100_f32_accumulation",0.05,"Immune",1,0.999998853162289,0.00151249444179347,0.00525749504297268,0.999998853162288
"kernel_bins100_f32_accumulation",0.05,"Immune",2,0.999998663126123,0.00163300691239466,0.00609698092328041,0.999998663126123
"kernel_bins100_f32_accumulation",0.05,"Immune",3,0.999996105798912,0.002787096406932,0.00938492451266215,0.999996105798911
"kernel_bins100_f32_accumulation",0.05,"Immune",4,0.999990305909713,0.00439740367126859,0.0165699922982662,0.999990305909712
"kernel_bins100_f32_accumulation",0.1,"Epithelial",1,0.999999391397555,0.00110321107321373,0.00533377691312993,0.999999391397559
"kernel_bins100_f32_accumulation",0.1,"Epithelial",2,0.99999922423954,0.00124553399867835,0.00717299853763313,0.999999224239542
"kernel_bins100_f32_accumulation",0.1,"Epithelial",3,0.999998761669238,0.00157365707654104,0.00648116365912244,0.999998761669232
"kernel_bins100_f32_accumulation",0.1,"Epithelial",4,0.999936030073797,0.0113104449988225,0.065388889680398,0.999936030073797
"kernel_bins100_f32_accumulation",0.1,"Fibroblast",1,0.999999451271312,0.00104732568271047,0.00532971568440843,0.999999451271316
"kernel_bins100_f32_accumulation",0.1,"Fibroblast",2,0.999999078876284,0.00135694393481259,0.00608279528444156,0.999999078876283
"kernel_bins100_f32_accumulation",0.1,"Fibroblast",3,0.999997462429093,0.00225222624491877,0.00988435871596871,0.999997462429095
"kernel_bins100_f32_accumulation",0.1,"Fibroblast",4,0.999937945453135,0.0111375515239582,0.0605575387346549,0.999937945453136
"kernel_bins100_f32_accumulation",0.1,"Immune",1,0.9999989473988,0.00144902118470455,0.00870165076939999,0.9999989473988
"kernel_bins100_f32_accumulation",0.1,"Immune",2,0.999997303399892,0.00231926876008913,0.0076353795879269,0.999997303399893
"kernel_bins100_f32_accumulation",0.1,"Immune",3,0.999996998347107,0.00244693841575862,0.00983437116135699,0.999996998347108
"kernel_bins100_f32_accumulation",0.1,"Immune",4,0.99992352694856,0.0123508547533172,0.0548998644101708,0.999923526948559
"distance_fp32_kernel_f64",0.005,"Epithelial",1,1,7.68399587402648e-09,4.0228337550019e-08,1
"distance_fp32_kernel_f64",0.005,"Epithelial",2,1,1.01779744736259e-08,6.66394652792945e-08,1
"distance_fp32_kernel_f64",0.005,"Epithelial",3,1,3.86722017467633e-08,1.90194142213329e-07,1
"distance_fp32_kernel_f64",0.005,"Epithelial",4,0.999999999999995,9.73569642309968e-08,4.47887550880655e-07,0.999999999999995
"distance_fp32_kernel_f64",0.005,"Fibroblast",1,1,1.07117224453547e-08,4.81660753504087e-08,1
"distance_fp32_kernel_f64",0.005,"Fibroblast",2,0.999999999999999,1.69650835505632e-08,7.65315735229422e-08,1
"distance_fp32_kernel_f64",0.005,"Fibroblast",3,1,5.35795684979624e-08,3.93974275425535e-07,0.999999999999999
"distance_fp32_kernel_f64",0.005,"Fibroblast",4,0.999999999999994,1.07252937373095e-07,5.87244082472793e-07,0.999999999999994
"distance_fp32_kernel_f64",0.005,"Immune",1,1,1.73436538022029e-08,7.26365305681043e-08,1
"distance_fp32_kernel_f64",0.005,"Immune",2,1,2.24561518867685e-08,8.11607903106193e-08,1
"distance_fp32_kernel_f64",0.005,"Immune",3,0.999999999999996,8.99763548372277e-08,4.13542125432542e-07,0.999999999999996
"distance_fp32_kernel_f64",0.005,"Immune",4,0.999999999999993,1.13264286816337e-07,5.37362637526018e-07,0.999999999999994
"distance_fp32_kernel_f64",0.01,"Epithelial",1,0.999999999999992,4.36924128645265e-09,2.20767781833331e-08,1
"distance_fp32_kernel_f64",0.01,"Epithelial",2,1,8.55335559814694e-09,4.60136080349116e-08,1
"distance_fp32_kernel_f64",0.01,"Epithelial",3,1,3.29006518056213e-08,2.06605271113602e-07,0.999999999999999
"distance_fp32_kernel_f64",0.01,"Epithelial",4,1,3.8082309132006e-08,2.29325864242735e-07,0.999999999999999
"distance_fp32_kernel_f64",0.01,"Fibroblast",1,0.999999999999998,4.33326743065619e-09,3.38409062994316e-08,1
"distance_fp32_kernel_f64",0.01,"Fibroblast",2,1,8.80521703419144e-09,3.25693311209463e-08,1
"distance_fp32_kernel_f64",0.01,"Fibroblast",3,1,3.63492225588588e-08,2.18953994879367e-07,0.999999999999999
"distance_fp32_kernel_f64",0.01,"Fibroblast",4,1,4.45639671104225e-08,2.04254958502403e-07,0.999999999999999
"distance_fp32_kernel_f64",0.01,"Immune",1,1,1.22903154038873e-08,4.09400747192201e-08,1
"distance_fp32_kernel_f64",0.01,"Immune",2,1,1.88683263723617e-08,8.15398700781955e-08,1
"distance_fp32_kernel_f64",0.01,"Immune",3,0.999999999999997,6.48496457406966e-08,3.16076253392694e-07,0.999999999999998
"distance_fp32_kernel_f64",0.01,"Immune",4,0.999999999999997,6.43554229551658e-08,2.64259517601673e-07,0.999999999999998
"distance_fp32_kernel_f64",0.02,"Epithelial",1,0.999999999999998,3.35940739275418e-09,1.86487567610527e-08,1
"distance_fp32_kernel_f64",0.02,"Epithelial",2,1,6.32197269431099e-09,3.64914595762933e-08,1
"distance_fp32_kernel_f64",0.02,"Epithelial",3,1,1.17276077728868e-08,6.69411179821111e-08,1
"distance_fp32_kernel_f64",0.02,"Epithelial",4,1,1.6245591284548e-08,7.83390027014885e-08,0.999999999999999
"distance_fp32_kernel_f64",0.02,"Fibroblast",1,1,4.92393817231296e-09,2.81472554153339e-08,1
"distance_fp32_kernel_f64",0.02,"Fibroblast",2,1,9.79083328713826e-09,4.24908019880377e-08,1
"distance_fp32_kernel_f64",0.02,"Fibroblast",3,1,1.75712361122261e-08,7.76651072342815e-08,1
"distance_fp32_kernel_f64",0.02,"Fibroblast",4,0.999999999999999,1.73597309513643e-08,8.7707888951627e-08,1
"distance_fp32_kernel_f64",0.02,"Immune",1,1,7.34968742264672e-09,3.63896370536576e-08,1
"distance_fp32_kernel_f64",0.02,"Immune",2,1,1.23414937938719e-08,3.44271612329194e-08,1
"distance_fp32_kernel_f64",0.02,"Immune",3,0.999999999999999,1.84508950985825e-08,6.31047485377678e-08,1
"distance_fp32_kernel_f64",0.02,"Immune",4,0.999999999999999,2.64044116814661e-08,1.13981799110263e-07,1
"distance_fp32_kernel_f64",0.05,"Epithelial",1,1,5.35851771973136e-09,2.81724039652431e-08,1
"distance_fp32_kernel_f64",0.05,"Epithelial",2,1,6.14849014436606e-09,2.73359865854417e-08,1
"distance_fp32_kernel_f64",0.05,"Epithelial",3,0.999999999999998,4.28819634962993e-09,2.0905040476471e-08,1
"distance_fp32_kernel_f64",0.05,"Epithelial",4,1,1.28449108357423e-08,7.3809500733546e-08,1
"distance_fp32_kernel_f64",0.05,"Fibroblast",1,1,6.77764600919852e-09,3.4114876257263e-08,1
"distance_fp32_kernel_f64",0.05,"Fibroblast",2,1,7.13957025692982e-09,2.91244974803817e-08,1
"distance_fp32_kernel_f64",0.05,"Fibroblast",3,0.999999999999999,5.6955156078639e-09,2.2747890016106e-08,1
"distance_fp32_kernel_f64",0.05,"Fibroblast",4,1,1.57506705791817e-08,6.98618167760401e-08,1
"distance_fp32_kernel_f64",0.05,"Immune",1,1,7.01587975974093e-09,3.57586982246971e-08,1
"distance_fp32_kernel_f64",0.05,"Immune",2,0.999999999999999,8.9354301356146e-09,3.42389625540562e-08,1
"distance_fp32_kernel_f64",0.05,"Immune",3,1,9.07531060978079e-09,3.56306295579145e-08,1
"distance_fp32_kernel_f64",0.05,"Immune",4,1,1.48901556472839e-08,5.76725171508308e-08,1
"distance_fp32_kernel_f64",0.1,"Epithelial",1,1,2.76759788846599e-08,9.8976880469337e-08,1
"distance_fp32_kernel_f64",0.1,"Epithelial",2,0.999999999999998,3.35237488940729e-08,1.67475308621157e-07,1
"distance_fp32_kernel_f64",0.1,"Epithelial",3,1,3.2435739965853e-08,1.035878756106e-07,1
"distance_fp32_kernel_f64",0.1,"Epithelial",4,0.999999999999993,1.13990630973461e-07,6.49398404051205e-07,0.999999999999993
"distance_fp32_kernel_f64",0.1,"Fibroblast",1,1,3.08323313854984e-08,1.25851012389155e-07,0.999999999999999
"distance_fp32_kernel_f64",0.1,"Fibroblast",2,1,3.23342517915243e-08,1.95265661667721e-07,0.999999999999999
"distance_fp32_kernel_f64",0.1,"Fibroblast",3,1,3.08771397054108e-08,1.15816313317474e-07,0.999999999999999
"distance_fp32_kernel_f64",0.1,"Fibroblast",4,0.999999999999991,1.10690571719685e-07,5.79337880779462e-07,0.999999999999994
"distance_fp32_kernel_f64",0.1,"Immune",1,0.999999999999999,2.67593528263306e-08,9.8079890431535e-08,0.999999999999999
"distance_fp32_kernel_f64",0.1,"Immune",2,0.999999999999999,5.10301397670285e-08,2.01820202327951e-07,0.999999999999999
"distance_fp32_kernel_f64",0.1,"Immune",3,1,4.6330416781481e-08,1.49134715909938e-07,0.999999999999999
"distance_fp32_kernel_f64",0.1,"Immune",4,0.99999999999999,1.30833761829213e-07,5.93031318274484e-07,0.999999999999991
"distance_fp16_kernel_f64",0.005,"Epithelial",1,0.999999995290018,9.70513100721771e-05,0.00050650189272311,0.999999995290018
"distance_fp16_kernel_f64",0.005,"Epithelial",2,0.999999981701028,0.000191295664218461,0.0011902510593651,0.999999981701027
"distance_fp16_kernel_f64",0.005,"Epithelial",3,0.999999830418045,0.000582346658268471,0.00423012362729147,0.999999830418044
"distance_fp16_kernel_f64",0.005,"Epithelial",4,0.999998185603617,0.00190483715015297,0.00994715167849214,0.999998185603621
"distance_fp16_kernel_f64",0.005,"Fibroblast",1,0.999999971135791,0.000240205393285591,0.00118119373828296,0.99999997113579
"distance_fp16_kernel_f64",0.005,"Fibroblast",2,0.999999919973145,0.000399963895926438,0.00235606228480778,0.999999919973148
"distance_fp16_kernel_f64",0.005,"Fibroblast",3,0.999999387092225,0.00110687986639424,0.00898058898866205,0.999999387092223
"distance_fp16_kernel_f64",0.005,"Fibroblast",4,0.999997177476416,0.00237531773694512,0.0146380894487237,0.999997177476414
"distance_fp16_kernel_f64",0.005,"Immune",1,0.999999946818303,0.000325704606552159,0.00138248168815014,0.999999946818303
"distance_fp16_kernel_f64",0.005,"Immune",2,0.999999878800468,0.000491692148327701,0.00210851610038254,0.99999987880047
"distance_fp16_kernel_f64",0.005,"Immune",3,0.999998569873568,0.00168900144598617,0.0100658213274123,0.999998569873567
"distance_fp16_kernel_f64",0.005,"Immune",4,0.999996440242264,0.00266472886145527,0.0133730976856363,0.999996440242264
"distance_fp16_kernel_f64",0.01,"Epithelial",1,0.999999999542027,3.02631287543817e-05,0.000143332547646313,0.999999999542022
"distance_fp16_kernel_f64",0.01,"Epithelial",2,0.999999998057121,6.23324975417852e-05,0.000286611109061474,0.999999998057122
"distance_fp16_kernel_f64",0.01,"Epithelial",3,0.999999991479346,0.000130535374092841,0.000818238422482853,0.999999991479346
"distance_fp16_kernel_f64",0.01,"Epithelial",4,0.999999982703727,0.000185980745099403,0.00108242522459867,0.999999982703731
"distance_fp16_kernel_f64",0.01,"Fibroblast",1,0.999999999594694,2.8463910567123e-05,0.00014743181459409,0.999999999594693
"distance_fp16_kernel_f64",0.01,"Fibroblast",2,0.999999998195298,6.00628021945748e-05,0.000270453180877483,0.999999998195299
"distance_fp16_kernel_f64",0.01,"Fibroblast",3,0.999999989909905,0.000142020347703877,0.000756603774016429,0.999999989909904
"distance_fp16_kernel_f64",0.01,"Fibroblast",4,0.999999982854666,0.000185129616463859,0.00121297716091373,0.999999982854666
"distance_fp16_kernel_f64",0.01,"Immune",1,0.999999997474777,7.09729159956223e-05,0.000321036387788243,0.999999997474777
"distance_fp16_kernel_f64",0.01,"Immune",2,0.999999992630258,0.000121246425184989,0.00065047082203179,0.999999992630258
"distance_fp16_kernel_f64",0.01,"Immune",3,0.999999946313275,0.000327247440182653,0.0019207466365232,0.999999946313276
"distance_fp16_kernel_f64",0.01,"Immune",4,0.999999952675408,0.000307246008021562,0.00128608151511012,0.999999952675407
"distance_fp16_kernel_f64",0.02,"Epithelial",1,0.999999999621457,2.75136582006407e-05,0.000133050978772406,0.999999999621458
"distance_fp16_kernel_f64",0.02,"Epithelial",2,0.999999999318962,3.69044156790448e-05,0.000246519053516803,0.99999999931896
"distance_fp16_kernel_f64",0.02,"Epithelial",3,0.999999985409014,0.000170818152452321,0.000989579312465239,0.999999985409019
"distance_fp16_kernel_f64",0.02,"Epithelial",4,0.999999982118662,0.000189100089356096,0.00111960607303679,0.999999982118665
"distance_fp16_kernel_f64",0.02,"Fibroblast",1,0.999999999700693,2.44603484813187e-05,8.99905648443777e-05,0.999999999700691
"distance_fp16_kernel_f64",0.02,"Fibroblast",2,0.999999999358968,3.57966862924156e-05,0.000155293541449608,0.999999999358968
"distance_fp16_kernel_f64",0.02,"Fibroblast",3,0.99999998386005,0.000179619723310874,0.000846554924829768,0.999999983860049
"distance_fp16_kernel_f64",0.02,"Fibroblast",4,0.999999980309816,0.000198393673146359,0.000839533027605421,0.999999980309815
"distance_fp16_kernel_f64",0.02,"Immune",1,0.999999998419097,5.61559192292846e-05,0.000200624731216341,0.999999998419096
"distance_fp16_kernel_f64",0.02,"Immune",2,0.999999995456809,9.51969972087623e-05,0.000461275359436075,0.99999999545681
"distance_fp16_kernel_f64",0.02,"Immune",3,0.999999972124771,0.00023580446404171,0.00159397735449832,0.999999972124772
"distance_fp16_kernel_f64",0.02,"Immune",4,0.999999951383311,0.000311412113541226,0.00117685299778714,0.999999951383309
"distance_fp16_kernel_f64",0.05,"Epithelial",1,0.999999998887716,4.71629038137958e-05,0.000215746559823593,0.999999998887711
"distance_fp16_kernel_f64",0.05,"Epithelial",2,0.999999998079023,6.19802546503139e-05,0.0002414022826569,0.999999998079019
"distance_fp16_kernel_f64",0.05,"Epithelial",3,0.999999998628024,5.23798808480496e-05,0.000275048588210813,0.999999998628027
"distance_fp16_kernel_f64",0.05,"Epithelial",4,0.999999986808058,0.000162422480869382,0.000742499484622794,0.999999986808058
"distance_fp16_kernel_f64",0.05,"Fibroblast",1,0.999999998858124,4.77763066948224e-05,0.000241710126141825,0.999999998858123
"distance_fp16_kernel_f64",0.05,"Fibroblast",2,0.999999997878687,6.51186399524668e-05,0.000253633986973867,0.999999997878687
"distance_fp16_kernel_f64",0.05,"Fibroblast",3,0.999999998706958,5.08404467260739e-05,0.000292981823657723,0.999999998706957
"distance_fp16_kernel_f64",0.05,"Fibroblast",4,0.999999987811036,0.000156094043481392,0.000781778288934554,0.999999987811035
"distance_fp16_kernel_f64",0.05,"Immune",1,0.999999983555606,0.000181113885828203,0.000982767656173833,0.999999983555605
"distance_fp16_kernel_f64",0.05,"Immune",2,0.999999985309196,0.000171184951819584,0.000885555003904193,0.999999985309196
"distance_fp16_kernel_f64",0.05,"Immune",3,0.999999992199678,0.00012473808322311,0.000424067878882217,0.999999992199678
"distance_fp16_kernel_f64",0.05,"Immune",4,0.999999972882128,0.000232579057772725,0.000781069749120192,0.999999972882128
"distance_fp16_kernel_f64",0.1,"Epithelial",1,0.999999992935221,0.000118861458489326,0.00051029889199361,0.999999992935221
"distance_fp16_kernel_f64",0.1,"Epithelial",2,0.999999986270274,0.000165700076081352,0.000786701002883694,0.999999986270274
"distance_fp16_kernel_f64",0.1,"Epithelial",3,0.99999997669632,0.000215875831000784,0.000823765707804736,0.99999997669632
"distance_fp16_kernel_f64",0.1,"Epithelial",4,0.999999816675167,0.000605483640344706,0.00365060826619001,0.99999981667517
"distance_fp16_kernel_f64",0.1,"Fibroblast",1,0.999999994444342,0.000105383024856452,0.000488185727398172,0.999999994444342
"distance_fp16_kernel_f64",0.1,"Fibroblast",2,0.999999990666697,0.000136590523941654,0.000956897768221943,0.999999990666699
"distance_fp16_kernel_f64",0.1,"Fibroblast",3,0.999999985098925,0.000172588445676065,0.000640393591649802,0.999999985098925
"distance_fp16_kernel_f64",0.1,"Fibroblast",4,0.999999835687196,0.000573110841071667,0.00262922485890593,0.999999835687197
"distance_fp16_kernel_f64",0.1,"Immune",1,0.99999996875098,0.000249666920110314,0.000973968711620476,0.99999996875098
"distance_fp16_kernel_f64",0.1,"Immune",2,0.999999840240765,0.000564515394229826,0.00203302638360658,0.999999840240766
"distance_fp16_kernel_f64",0.1,"Immune",3,0.999999878278208,0.000492750386645685,0.00182842014256224,0.999999878278208
"distance_fp16_kernel_f64",0.1,"Immune",4,0.999999659598812,0.00082402111004493,0.00339758977341165,0.999999659598812
"distance_fp16_plus_kernel_fp16_f64_accumulation",0.005,"Epithelial",1,0.999999994490319,0.000104967558089756,0.000533300667941217,0.999999994490316
"distance_fp16_plus_kernel_fp16_f64_accumulation",0.005,"Epithelial",2,0.999999980560542,0.000197166817319182,0.00119998608946237,0.999999980560544
"distance_fp16_plus_kernel_fp16_f64_accumulation",0.005,"Epithelial",3,0.999999804600507,0.000625105740290971,0.00429665294825488,0.999999804600504
"distance_fp16_plus_kernel_fp16_f64_accumulation",0.005,"Epithelial",4,0.999997941189535,0.00202908364698584,0.0105364064745006,0.999997941189536
"distance_fp16_plus_kernel_fp16_f64_accumulation",0.005,"Fibroblast",1,0.999999967223611,0.00025596670384941,0.00123829317852259,0.999999967223611
"distance_fp16_plus_kernel_fp16_f64_accumulation",0.005,"Fibroblast",2,0.999999914298232,0.000413902273784146,0.00253101880049567,0.999999914298232
"distance_fp16_plus_kernel_fp16_f64_accumulation",0.005,"Fibroblast",3,0.999999313008903,0.00117186741046953,0.00943685262009364,0.999999313008902
"distance_fp16_plus_kernel_fp16_f64_accumulation",0.005,"Fibroblast",4,0.999996788448276,0.00253373028297087,0.0156206350127956,0.999996788448279
"distance_fp16_plus_kernel_fp16_f64_accumulation",0.005,"Immune",1,0.99999994193883,0.000340318608077487,0.00142183353303726,0.99999994193883
"distance_fp16_plus_kernel_fp16_f64_accumulation",0.005,"Immune",2,0.99999987281023,0.000503696456003774,0.00218410985825679,0.99999987281023
"distance_fp16_plus_kernel_fp16_f64_accumulation",0.005,"Immune",3,0.999998452584958,0.00175689663709463,0.0107414618219517,0.999998452584959
"distance_fp16_plus_kernel_fp16_f64_accumulation",0.005,"Immune",4,0.999995946938795,0.00284337660380584,0.0144477988761949,0.999995946938794
"distance_fp16_plus_kernel_fp16_f64_accumulation",0.01,"Epithelial",1,0.999999999445856,3.32891134710565e-05,0.000155367761093705,0.999999999445858
"distance_fp16_plus_kernel_fp16_f64_accumulation",0.01,"Epithelial",2,0.999999997585349,6.9489426376682e-05,0.000362310771837904,0.999999997585351
"distance_fp16_plus_kernel_fp16_f64_accumulation",0.01,"Epithelial",3,0.999999987204593,0.000159962725203778,0.00076637524326717,0.999999987204594
"distance_fp16_plus_kernel_fp16_f64_accumulation",0.01,"Epithelial",4,0.999999980007681,0.000199950900444919,0.00108781345516629,0.99999998000768
"distance_fp16_plus_kernel_fp16_f64_accumulation",0.01,"Fibroblast",1,0.999999999559631,2.96694974398648e-05,0.000135380330637647,0.999999999559633
"distance_fp16_plus_kernel_fp16_f64_accumulation",0.01,"Fibroblast",2,0.999999997812212,6.6131116525423e-05,0.00031186634783742,0.999999997812209
"distance_fp16_plus_kernel_fp16_f64_accumulation",0.01,"Fibroblast",3,0.999999986231504,0.000165899901041633,0.000779666654519798,0.999999986231507
"distance_fp16_plus_kernel_fp16_f64_accumulation",0.01,"Fibroblast",4,0.999999975448721,0.000221533789555059,0.00130436504004638,0.999999975448721
"distance_fp16_plus_kernel_fp16_f64_accumulation",0.01,"Immune",1,0.999999994181125,0.000107736370355956,0.000420651632361269,0.999999994181125
"distance_fp16_plus_kernel_fp16_f64_accumulation",0.01,"Immune",2,0.999999986873017,0.000161817411749355,0.000921144996904211,0.999999986873018
"distance_fp16_plus_kernel_fp16_f64_accumulation",0.01,"Immune",3,0.999999891291188,0.000465666696927781,0.00237348095451884,0.999999891291188
"distance_fp16_plus_kernel_fp16_f64_accumulation",0.01,"Immune",4,0.999999908125566,0.000428094987224581,0.00172294554214972,0.999999908125566
"distance_fp16_plus_kernel_fp16_f64_accumulation",0.02,"Epithelial",1,0.999999999674791,2.5501912809292e-05,0.000121579987166803,0.999999999674792
"distance_fp16_plus_kernel_fp16_f64_accumulation",0.02,"Epithelial",2,0.9999999994391,3.34915967700728e-05,0.000182627677950631,0.999999999439097
"distance_fp16_plus_kernel_fp16_f64_accumulation",0.02,"Epithelial",3,0.999999985852209,0.000168203902753959,0.000918993335656371,0.99999998585221
"distance_fp16_plus_kernel_fp16_f64_accumulation",0.02,"Epithelial",4,0.999999984507177,0.000176017999093062,0.00105325820911695,0.999999984507175
"distance_fp16_plus_kernel_fp16_f64_accumulation",0.02,"Fibroblast",1,0.999999999736604,2.29461343393027e-05,9.11200896148712e-05,0.999999999736601
"distance_fp16_plus_kernel_fp16_f64_accumulation",0.02,"Fibroblast",2,0.999999999250295,3.8712236730786e-05,0.000150370675348954,0.999999999250295
"distance_fp16_plus_kernel_fp16_f64_accumulation",0.02,"Fibroblast",3,0.999999984912534,0.000173664507476212,0.000810170946874411,0.999999984912534
"distance_fp16_plus_kernel_fp16_f64_accumulation",0.02,"Fibroblast",4,0.999999981693942,0.000191293542624373,0.000887085881111638,0.999999981693945
"distance_fp16_plus_kernel_fp16_f64_accumulation",0.02,"Immune",1,0.999999999132561,4.15970343453197e-05,0.000193311773049598,0.99999999913256
"distance_fp16_plus_kernel_fp16_f64_accumulation",0.02,"Immune",2,0.999999997396462,7.20650510869725e-05,0.00028533655300883,0.999999997396463
"distance_fp16_plus_kernel_fp16_f64_accumulation",0.02,"Immune",3,0.999999977052419,0.000213949497547318,0.00128605463669429,0.999999977052418
"distance_fp16_plus_kernel_fp16_f64_accumulation",0.02,"Immune",4,0.99999996957679,0.000246345889485658,0.000877455053855503,0.99999996957679
"distance_fp16_plus_kernel_fp16_f64_accumulation",0.05,"Epithelial",1,0.999999999673465,2.55538352324462e-05,0.000123921321455001,0.999999999673466
"distance_fp16_plus_kernel_fp16_f64_accumulation",0.05,"Epithelial",2,0.999999999023879,4.41817626700628e-05,0.000195589712108424,0.999999999023881
"distance_fp16_plus_kernel_fp16_f64_accumulation",0.05,"Epithelial",3,0.999999999041548,4.37801055384322e-05,0.000250085973322101,0.999999999041549
"distance_fp16_plus_kernel_fp16_f64_accumulation",0.05,"Epithelial",4,0.999999991058576,0.000133719600565077,0.000700358027594383,0.999999991058578
"distance_fp16_plus_kernel_fp16_f64_accumulation",0.05,"Fibroblast",1,0.999999999764805,2.16829772583282e-05,0.000101510250097858,0.999999999764803
"distance_fp16_plus_kernel_fp16_f64_accumulation",0.05,"Fibroblast",2,0.999999998883168,4.72494579664178e-05,0.000209426023920489,0.999999998883168
"distance_fp16_plus_kernel_fp16_f64_accumulation",0.05,"Fibroblast",3,0.999999998886262,4.71840177759351e-05,0.000249648412498693,0.999999998886259
"distance_fp16_plus_kernel_fp16_f64_accumulation",0.05,"Fibroblast",4,0.999999990433,0.000138290002788429,0.000701627851088293,0.999999990433001
"distance_fp16_plus_kernel_fp16_f64_accumulation",0.05,"Immune",1,0.999999992173427,0.000124947808694206,0.000673344046555169,0.999999992173426
"distance_fp16_plus_kernel_fp16_f64_accumulation",0.05,"Immune",2,0.999999991937477,0.00012681723879677,0.000654075545013733,0.999999991937477
"distance_fp16_plus_kernel_fp16_f64_accumulation",0.05,"Immune",3,0.999999994399538,0.000105695063229222,0.000405750741154509,0.999999994399539
"distance_fp16_plus_kernel_fp16_f64_accumulation",0.05,"Immune",4,0.999999982899927,0.000184689323824863,0.000650554612203091,0.999999982899927
"distance_fp16_plus_kernel_fp16_f64_accumulation",0.1,"Epithelial",1,0.9999999868984,0.00016186540098028,0.000695574799817189,0.999999986898395
"distance_fp16_plus_kernel_fp16_f64_accumulation",0.1,"Epithelial",2,0.999999974168225,0.000227284036705495,0.00114053820088633,0.999999974168219
"distance_fp16_plus_kernel_fp16_f64_accumulation",0.1,"Epithelial",3,0.999999959398647,0.000284945659824172,0.00105810419987806,0.999999959398642
"distance_fp16_plus_kernel_fp16_f64_accumulation",0.1,"Epithelial",4,0.999999694435851,0.000781705131474408,0.00467667662884608,0.999999694435856
"distance_fp16_plus_kernel_fp16_f64_accumulation",0.1,"Fibroblast",1,0.999999987790335,0.000156226532554127,0.000706737951472192,0.999999987790335
"distance_fp16_plus_kernel_fp16_f64_accumulation",0.1,"Fibroblast",2,0.999999980115742,0.00019936900667412,0.0014158863887912,0.999999980115739
"distance_fp16_plus_kernel_fp16_f64_accumulation",0.1,"Fibroblast",3,0.999999971478011,0.000238777174901001,0.000882066503238077,0.999999971478013
"distance_fp16_plus_kernel_fp16_f64_accumulation",0.1,"Fibroblast",4,0.999999719399247,0.000748940537382265,0.00348777825711633,0.999999719399247
"distance_fp16_plus_kernel_fp16_f64_accumulation",0.1,"Immune",1,0.99999995428459,0.000301977171807346,0.00119670901993396,0.99999995428459
"distance_fp16_plus_kernel_fp16_f64_accumulation",0.1,"Immune",2,0.999999769913347,0.000677467581640451,0.00240803746727436,0.999999769913347
"distance_fp16_plus_kernel_fp16_f64_accumulation",0.1,"Immune",3,0.999999822684834,0.000594724384738235,0.00215163194201606,0.999999822684835
"distance_fp16_plus_kernel_fp16_f64_accumulation",0.1,"Immune",4,0.999999462022642,0.001035916626203,0.00428183507568436,0.999999462022642
"distance_bins100_kernel_f64",0.005,"Epithelial",1,0.669217805573765,0.813322579401771,4.25084945316935,0.669217805573764
"distance_bins100_kernel_f64",0.005,"Epithelial",2,0.637732329778908,0.851150887594204,3.84326877806661,0.63773232977891
"distance_bins100_kernel_f64",0.005,"Epithelial",3,0.129625704704785,1.31930374608664,6.46098829578196,0.129625704704785
"distance_bins100_kernel_f64",0.005,"Epithelial",4,0.0125316027966785,1.40524927540596,5.83736596176605,0.0125316027966772
"distance_bins100_kernel_f64",0.005,"Fibroblast",1,0.376222890599314,1.11665146127802,4.88485432545739,0.376222890599312
"distance_bins100_kernel_f64",0.005,"Fibroblast",2,0.379539236315501,1.11367913556076,5.76999162710949,0.379539236315502
"distance_bins100_kernel_f64",0.005,"Fibroblast",3,0.0531659587899273,1.37575105215537,4.78214219797344,0.0531659587899278
"distance_bins100_kernel_f64",0.005,"Fibroblast",4,0.341140077457867,1.14762359120214,5.80836097641032,0.341140077457867
"distance_bins100_kernel_f64",0.005,"Immune",1,0.405493378833863,1.08898313123556,4.48295437630221,0.405493378833863
"distance_bins100_kernel_f64",0.005,"Immune",2,0.402794841111268,1.09145184627206,5.08953104642738,0.402794841111268
"distance_bins100_kernel_f64",0.005,"Immune",3,0.0564302515470497,1.37192322683709,8.10218417588713,0.0564302515470501
"distance_bins100_kernel_f64",0.005,"Immune",4,0.488490297712899,1.01011249286719,3.80645583200455,0.4884902977129
"distance_bins100_kernel_f64",0.01,"Epithelial",1,0.996795796448457,0.0800482452356536,0.406571240105633,0.99679579644846
"distance_bins100_kernel_f64",0.01,"Epithelial",2,0.994684277847646,0.103103380199591,0.62138922147482,0.99468427784764
"distance_bins100_kernel_f64",0.01,"Epithelial",3,0.978152413228724,0.209022724272087,1.28794322000441,0.978152413228718
"distance_bins100_kernel_f64",0.01,"Epithelial",4,0.967370930516668,0.25544306213579,1.4274298896465,0.967370930516666
"distance_bins100_kernel_f64",0.01,"Fibroblast",1,0.997571453264463,0.0696748680005418,0.32885432691049,0.997571453264463
"distance_bins100_kernel_f64",0.01,"Fibroblast",2,0.994103861747335,0.108564228636013,0.527676886094337,0.994103861747335
"distance_bins100_kernel_f64",0.01,"Fibroblast",3,0.967276460213032,0.25576025717659,1.73517925179145,0.967276460213034
"distance_bins100_kernel_f64",0.01,"Fibroblast",4,0.962615670250605,0.273368028816704,1.31108778859036,0.962615670250605
"distance_bins100_kernel_f64",0.01,"Immune",1,0.992652709446052,0.121061600673424,0.57383131983473,0.992652709446052
"distance_bins100_kernel_f64",0.01,"Immune",2,0.98525292037436,0.171512515702861,0.635985356768801,0.98525292037436
"distance_bins100_kernel_f64",0.01,"Immune",3,0.910643190322899,0.422188725993366,1.4758607104354,0.910643190322899
"distance_bins100_kernel_f64",0.01,"Immune",4,0.923323454531176,0.391087624672558,2.10823819499502,0.923323454531175
"distance_bins100_kernel_f64",0.02,"Epithelial",1,0.999770303109068,0.021432326946184,0.0911835593750138,0.999770303109067
"distance_bins100_kernel_f64",0.02,"Epithelial",2,0.999298118872355,0.0374648113324276,0.196829815424688,0.999298118872352
"distance_bins100_kernel_f64",0.02,"Epithelial",3,0.989802879515905,0.142800767852582,0.942249218792666,0.989802879515902
"distance_bins100_kernel_f64",0.02,"Epithelial",4,0.985557095464838,0.169949165982102,1.1147597951422,0.985557095464835
"distance_bins100_kernel_f64",0.02,"Fibroblast",1,0.999688243772892,0.0249637882615494,0.12330635015914,0.99968824377289
"distance_bins100_kernel_f64",0.02,"Fibroblast",2,0.999443407291655,0.0333558243431065,0.185412495347469,0.999443407291656
"distance_bins100_kernel_f64",0.02,"Fibroblast",3,0.986316003287843,0.165390059110825,0.831315497298755,0.986316003287842
"distance_bins100_kernel_f64",0.02,"Fibroblast",4,0.983975142079955,0.178978150395563,0.695220010381095,0.983975142079955
"distance_bins100_kernel_f64",0.02,"Immune",1,0.99954009534544,0.0302884261444609,0.152843582244891,0.999540095345439
"distance_bins100_kernel_f64",0.02,"Immune",2,0.999178728517667,0.0404749364814945,0.217836163956585,0.999178728517666
"distance_bins100_kernel_f64",0.02,"Immune",3,0.983622814822991,0.180743394464527,1.01786673201797,0.983622814822991
"distance_bins100_kernel_f64",0.02,"Immune",4,0.980000206407235,0.199735638066891,0.893432849962498,0.980000206407236
"distance_bins100_kernel_f64",0.05,"Epithelial",1,0.999848223404067,0.0174218460371853,0.0858707452554155,0.999848223404065
"distance_bins100_kernel_f64",0.05,"Epithelial",2,0.999810628100464,0.0194603001789421,0.0818998823150534,0.99981062810046
"distance_bins100_kernel_f64",0.05,"Epithelial",3,0.999910715740284,0.0133622384766798,0.0856897232417995,0.999910715740284
"distance_bins100_kernel_f64",0.05,"Epithelial",4,0.999455523136411,0.032997533795997,0.133311233471653,0.999455523136412
"distance_bins100_kernel_f64",0.05,"Fibroblast",1,0.999791591574255,0.0204108249640932,0.109708325463881,0.999791591574255
"distance_bins100_kernel_f64",0.05,"Fibroblast",2,0.999749232097411,0.0223892164841698,0.0873392415885474,0.99974923209741
"distance_bins100_kernel_f64",0.05,"Fibroblast",3,0.999886880293086,0.0150373759420873,0.0861908011474308,0.999886880293086
"distance_bins100_kernel_f64",0.05,"Fibroblast",4,0.999097247404188,0.042480272579137,0.207819030247031,0.999097247404188
"distance_bins100_kernel_f64",0.05,"Immune",1,0.999541316785765,0.0302481785615174,0.16507963307709,0.999541316785765
"distance_bins100_kernel_f64",0.05,"Immune",2,0.999567387810507,0.0293759676049157,0.148339357437148,0.999567387810507
"distance_bins100_kernel_f64",0.05,"Immune",3,0.999745609741138,0.0225264649163138,0.0798897360479122,0.999745609741137
"distance_bins100_kernel_f64",0.05,"Immune",4,0.99928954429869,0.0376453471505648,0.211721684689936,0.99928954429869
"distance_bins100_kernel_f64",0.1,"Epithelial",1,0.999468709312201,0.0325955166583133,0.10031246375309,0.999468709312198
"distance_bins100_kernel_f64",0.1,"Epithelial",2,0.999376741807673,0.0353041504483018,0.147116324132548,0.99937674180767
"distance_bins100_kernel_f64",0.1,"Epithelial",3,0.999789393968009,0.0205223537861064,0.0652075146281138,0.999789393968011
"distance_bins100_kernel_f64",0.1,"Epithelial",4,0.99915905424614,0.0410086769817099,0.229373550678057,0.99915905424614
"distance_bins100_kernel_f64",0.1,"Fibroblast",1,0.999395679773933,0.0347565360565469,0.121862727037225,0.999395679773933
"distance_bins100_kernel_f64",0.1,"Fibroblast",2,0.999359638688898,0.0357779509560994,0.193757513646811,0.999359638688898
"distance_bins100_kernel_f64",0.1,"Fibroblast",3,0.999681765175238,0.025221840412759,0.104418451361431,0.999681765175241
"distance_bins100_kernel_f64",0.1,"Fibroblast",4,0.999012500435857,0.0444294951230171,0.237151616495764,0.999012500435858
"distance_bins100_kernel_f64",0.1,"Immune",1,0.999784665476068,0.0207252432619526,0.0669145363592238,0.999784665476067
"distance_bins100_kernel_f64",0.1,"Immune",2,0.999655028483985,0.0262321823810143,0.099082812751734,0.999655028483986
"distance_bins100_kernel_f64",0.1,"Immune",3,0.999896347378615,0.0143791412350051,0.0609397146688029,0.999896347378616
"distance_bins100_kernel_f64",0.1,"Immune",4,0.999288273599492,0.0376789977652465,0.175879990142174,0.999288273599491
